FNAME,LNAME,MyID,My contact Name
John,Dodge,jdodge@example.com,John
Sarah,Smith,ssnith@example.com,Sarah
George,Dapper,gdapper@example.com,George
Jack,Dodge,jdodge2@example.com,Jack
Jessica,Jones,jjones@example.com,Jessica
Dragon,Davich,dragonr@example.com,Dragon
Dragon,Davich,dragonr@example.com,Dragon
Steve,Curio,curious@example.com,Steve
Laura,Black,black@example.com,Laura
Wilhelm,Blake,wblake@example.com,Wilhelm
Winter,Drake,dragon2@example.com,Winter
Winter,Drake,dragon2@example.com,Winter
Sal,Sands,sandssquared@example.com,Sal
Julia,Wilds,jwilds@example.com,Julia
Juniper,Birsch,woodsy@example.com,Juniper
Valerie,Duncan,vduncan@example.com,Valerie
Patti,Patel,ppatel@example.com,Patti
Patti,Patel,ppatel@example.com,Patti
Justin,Short,jshort@example.com,Justin
John,Downes,bungie@example.com,John
Xavier,Birch,xjb@example.com,Xavier
Basil,Wenceslas,hansa@example.com,Basil
Alice,Black,blackalice@example.com,Alice
